{
  "test/integration/pages/RisksList.js": 1735275645089,
  "test/integration/opaTests.qunit.js": 1735275645069,
  "i18n/i18n.properties": 1735275681909,
  "test/integration/pages/RisksObjectPage.js": 1735275645089,
  "test/integration/FirstJourney.js": 1735275645121,
  "test/testsuite.qunit.js": 1735275645045,
  "xs-app.json": 1735284077882,
  "manifest.json": 1735280965892,
  "Component.js": 1735275644929,
  "test/integration/pages/RisksList-dbg.js": 1735275645089,
  "test/integration/pages/RisksList.js.map": 1735284085817,
  "test/integration/opaTests.qunit-dbg.js": 1735275645069,
  "test/integration/opaTests.qunit.js.map": 1735284085823,
  "test/integration/pages/RisksObjectPage-dbg.js": 1735275645089,
  "test/integration/pages/RisksObjectPage.js.map": 1735284085824,
  "test/integration/FirstJourney-dbg.js": 1735275645121,
  "test/integration/FirstJourney.js.map": 1735284085823,
  "test/testsuite.qunit-dbg.js": 1735275645045,
  "test/testsuite.qunit.js.map": 1735284085820,
  "Component-dbg.js": 1735275644929,
  "Component.js.map": 1735284085822,
  "Component-preload.js": 1735284085926,
  "Component-preload.js.map": 1735284085926,
  "test/integration/opaTests.qunit.html": 1735275645069,
  "test/testsuite.qunit.html": 1735275645029,
  "test/flpSandbox.html": 1735275645029,
  "index.html": 1735275644929
}